department,dept_code,program_code,program,plain_name,2022-23_B,2023-24_B,2024-25_B,change_B,times,flags
Department of Finance Canada,FIN,BUV11,Market Debt and Foreign Reserves Management,interest on the federal debt,31.698,42.692,48.098,16.4,1.52,
Canada Revenue Agency,CCRA,BRB01,Benefits,benefits paid out through the CRA,7.662,10.514,16.182,8.521,2.11,
Treasury Board of Canada Secretariat,TBC,BXC04,Public Service Employer Payments,employer payments for public servants,3.756,3.85,10.654,6.897,2.84,
Crown-Indigenous Relations and Northern Affairs Canada,INAC,BWM03,Specific Claims,settling Indigenous land claims,3.603,2.824,8.353,4.75,2.32,
National Defence,ND,BUR03,Aerospace Equipment Acquisition,military aircraft,0.945,1.728,3.264,2.318,3.45,
Public Health Agency of Canada,PHAC,BVQ03,Vaccination,vaccination programs,2.463,2.99,0.318,-2.144,0.13,
Public Safety Canada,PSEP,BVU03,Emergency Response/Recovery,emergency response and disaster recovery,2.532,0.467,0.426,-2.107,0.17,
Public Health Agency of Canada,PHAC,BVQ02,Communicable Disease and Infection Control,infectious disease control,1.588,0.187,0.129,-1.459,0.08,
Veterans Affairs Canada,VAC,BWI16,Disability Benefits,veterans' disability benefits,2.738,3.02,4.191,1.452,1.53,
"Immigration, Refugees and Citizenship Canada",CI,BGE06,Asylum,asylum claims,0.904,1.393,2.287,1.383,2.53,
Canada Mortgage and Housing Corporation,CMHC,BGL00,Housing expertise and capacity development,housing capacity funding,0.169,1.192,1.342,1.173,7.92,
Transport Canada,TC,BTX01,Climate Change and Clean Air,clean transportation programs,0.294,0.723,1.215,0.921,4.13,
Natural Resources Canada,NR,BTM10,Energy Efficiency,energy efficiency programs,0.357,0.776,1.194,0.837,3.35,
Fisheries and Oceans Canada,FO,BTI06,Fleet Procurement,new Coast Guard ships,0.388,0.639,1.186,0.797,3.05,
National Defence,ND,BUN03,International Operations,military operations abroad,0.351,0.528,0.983,0.632,2.8,
Environment and Climate Change Canada,EC,BGR03,Climate Change Adaptation,climate adaptation,0.021,0.024,0.57,0.549,27.25,
"Immigration, Refugees and Citizenship Canada",CI,BGE05,Refugee Resettlement,refugee resettlement,1.067,1.053,0.64,-0.427,0.6,
Office of Infrastructure of Canada,OICC,BYB04,Homelessness Funding Oversight,homelessness funding,0.489,0.603,0.752,0.263,1.54,
Public Services and Procurement Canada,GSC,BVW01,Federal Pay Administration,federal payroll,0.453,0.599,0.683,0.231,1.51,
"Immigration, Refugees and Citizenship Canada",CI,BGF02,Passport,passport services,0.318,0.126,0.121,-0.197,0.38,
